report_date,description,email,company,status/state,status/timestamp,name/last,name/first
2014-01-07,Cupidatat reprehenderit anim non irure aliqua irure veniam sint veniam velit aute elit.,helene.pennington@techtrix.biz,Techtrix,false,2014-01-09,Pennington,Helene
2015-12-17,Veniam quis quis culpa qui magna cupidatat magna consequat minim proident sint minim magna.,harmon.herman@visalia.name,Visalia,false,2014-01-09,Herman,Harmon
2015-12-02,Duis anim culpa laborum culpa voluptate et incididunt laboris enim in sunt.,shannon.franco@sultrax.io,Sultrax,false,2014-01-09,Franco,Shannon
2014-01-21,Id elit id magna consequat minim incididunt labore nulla officia tempor ea.,whitley.hoover@progenex.info,Progenex,false,2014-01-09,Hoover,Whitley
2014-01-03,Qui cupidatat qui culpa minim ipsum ipsum incididunt labore consectetur.,mcneil.key@eventage.net,Eventage,false,2014-01-09,Key,Mcneil
2015-09-08,Fugiat quis sit pariatur eiusmod consectetur aliqua.,oconnor.love@nurali.biz,Nurali,false,2014-01-09,Love,Oconnor
2014-08-01,Reprehenderit officia labore cupidatat laboris ex et.,selma.goodwin@earthpure.us,Earthpure,false,2014-01-09,Goodwin,Selma
2015-06-01,Occaecat aliqua incididunt tempor nisi anim id occaecat magna nulla ea ipsum consectetur.,parrish.poole@isopop.com,Isopop,false,2014-01-09,Poole,Parrish
2016-04-13,Reprehenderit minim dolor Lorem quis Lorem ad aliquip veniam quis Lorem nisi minim.,lambert.osborne@keengen.tv,Keengen,false,2014-01-09,Osborne,Lambert
2014-10-28,Velit ut exercitation duis nulla sit fugiat officia aliquip pariatur nostrud eu in pariatur nostrud.,mclean.sharpe@perkle.co.uk,Perkle,false,2014-01-09,Sharpe,Mclean
2016-04-26,Consequat est dolor Lorem non duis irure reprehenderit veniam enim aliquip pariatur.,ayala.farmer@shepard.me,Shepard,false,2014-01-09,Farmer,Ayala
2015-07-08,Cillum proident aliqua irure voluptate dolor ut velit adipisicing.,flores.harrell@telequiet.org,Telequiet,false,2014-01-09,Harrell,Flores
2014-03-12,Incididunt ipsum ad sint adipisicing eiusmod laborum magna eiusmod ea esse id cillum.,claudine.caldwell@geekol.biz,Geekol,false,2014-01-09,Caldwell,Claudine
2014-03-02,Aliquip aliqua dolor mollit est ea aute nulla eiusmod.,lorena.stone@extragen.name,Extragen,false,2014-01-09,Stone,Lorena
2015-12-29,Enim Lorem magna in in eu pariatur aliquip velit laboris est aliquip.,pacheco.conley@biohab.io,Biohab,true,2014-01-09,Conley,Pacheco
2016-04-14,Reprehenderit adipisicing elit pariatur veniam fugiat in aute est.,alexandria.holland@extremo.info,Extremo,true,2014-01-09,Holland,Alexandria
2014-12-22,Ut occaecat sit nulla ipsum magna laboris duis velit tempor non fugiat.,stark.crane@avit.net,Avit,false,2014-01-09,Crane,Stark
2014-12-16,Id amet tempor magna consequat est officia occaecat nisi sint.,mayra.butler@artworlds.biz,Artworlds,false,2014-01-09,Butler,Mayra
2015-11-18,Sunt dolor id ad qui.,hilary.schmidt@enquility.us,Enquility,false,2014-01-09,Schmidt,Hilary
2016-03-18,Id enim deserunt sit ut.,cherry.hicks@mixers.com,Mixers,false,2014-01-09,Hicks,Cherry
2016-03-01,Laborum non exercitation irure cillum.,mays.brewer@myopium.tv,Myopium,false,2014-01-09,Brewer,Mays
2014-11-01,Et voluptate aliqua eiusmod non laboris nostrud minim ut magna adipisicing nisi adipisicing.,maxwell.wilkinson@photobin.co.uk,Photobin,false,2014-01-09,Wilkinson,Maxwell
2014-08-04,Sunt esse consequat voluptate ut anim occaecat esse incididunt in reprehenderit.,hurst.malone@farmage.me,Farmage,false,2014-01-09,Malone,Hurst
2015-08-16,Do est excepteur minim ea sunt cupidatat mollit adipisicing.,mona.hooper@savvy.org,Savvy,false,2014-01-09,Hooper,Mona
2015-01-25,Consectetur mollit ut nulla occaecat elit proident nisi tempor reprehenderit magna.,gilliam.hood@terrago.biz,Terrago,false,2014-01-09,Hood,Gilliam
2016-04-12,Amet magna ea duis cillum exercitation elit duis ullamco voluptate quis sint.,vega.hester@medcom.name,Medcom,false,2014-01-09,Hester,Vega
2015-10-05,Ex deserunt minim enim nostrud excepteur fugiat tempor cupidatat et pariatur.,yvette.waters@trasola.io,Trasola,false,2014-01-09,Waters,Yvette
2016-03-10,Quis do labore aliquip ut occaecat deserunt do consectetur est.,bryant.berry@rubadub.info,Rubadub,false,2014-01-09,Berry,Bryant
2014-04-25,Sint exercitation qui dolore adipisicing Lorem est ut.,stacie.abbott@ontality.net,Ontality,false,2014-01-09,Abbott,Stacie
